{
  "hash": "4e16846e",
  "configHash": "1717d3b6",
  "lockfileHash": "dc23e627",
  "browserHash": "54da56d0",
  "optimized": {
    "@angular/common": {
      "src": "../../../../../../node_modules/@angular/common/fesm2022/common.mjs",
      "file": "@angular_common.js",
      "fileHash": "beb39de7",
      "needsInterop": false
    },
    "@angular/common/http": {
      "src": "../../../../../../node_modules/@angular/common/fesm2022/http.mjs",
      "file": "@angular_common_http.js",
      "fileHash": "61dd25e3",
      "needsInterop": false
    },
    "@angular/core": {
      "src": "../../../../../../node_modules/@angular/core/fesm2022/core.mjs",
      "file": "@angular_core.js",
      "fileHash": "bd3b5a3a",
      "needsInterop": false
    },
    "@angular/forms": {
      "src": "../../../../../../node_modules/@angular/forms/fesm2022/forms.mjs",
      "file": "@angular_forms.js",
      "fileHash": "ba9da210",
      "needsInterop": false
    },
    "@angular/platform-browser": {
      "src": "../../../../../../node_modules/@angular/platform-browser/fesm2022/platform-browser.mjs",
      "file": "@angular_platform-browser.js",
      "fileHash": "70aa8f31",
      "needsInterop": false
    },
    "@angular/router": {
      "src": "../../../../../../node_modules/@angular/router/fesm2022/router.mjs",
      "file": "@angular_router.js",
      "fileHash": "12084fad",
      "needsInterop": false
    },
    "ngx-pagination": {
      "src": "../../../../../../node_modules/ngx-pagination/fesm2020/ngx-pagination.mjs",
      "file": "ngx-pagination.js",
      "fileHash": "30f93dee",
      "needsInterop": false
    }
  },
  "chunks": {
    "chunk-3OXL7OQR": {
      "file": "chunk-3OXL7OQR.js"
    },
    "chunk-7JMCS27B": {
      "file": "chunk-7JMCS27B.js"
    },
    "chunk-PUW7M5RD": {
      "file": "chunk-PUW7M5RD.js"
    },
    "chunk-6ZKPNCPX": {
      "file": "chunk-6ZKPNCPX.js"
    }
  }
}