{
  "hash": "577e2207",
  "configHash": "1f5c774e",
  "lockfileHash": "dc23e627",
  "browserHash": "9f910855",
  "optimized": {
    "@angular/common": {
      "src": "../../../../../../node_modules/@angular/common/fesm2022/common.mjs",
      "file": "@angular_common.js",
      "fileHash": "9f39de10",
      "needsInterop": false
    },
    "@angular/common/http": {
      "src": "../../../../../../node_modules/@angular/common/fesm2022/http.mjs",
      "file": "@angular_common_http.js",
      "fileHash": "84b3cc03",
      "needsInterop": false
    },
    "@angular/core": {
      "src": "../../../../../../node_modules/@angular/core/fesm2022/core.mjs",
      "file": "@angular_core.js",
      "fileHash": "b69f2f58",
      "needsInterop": false
    },
    "@angular/forms": {
      "src": "../../../../../../node_modules/@angular/forms/fesm2022/forms.mjs",
      "file": "@angular_forms.js",
      "fileHash": "175e7fc6",
      "needsInterop": false
    },
    "@angular/platform-browser": {
      "src": "../../../../../../node_modules/@angular/platform-browser/fesm2022/platform-browser.mjs",
      "file": "@angular_platform-browser.js",
      "fileHash": "e95ce983",
      "needsInterop": false
    },
    "@angular/platform-server": {
      "src": "../../../../../../node_modules/@angular/platform-server/fesm2022/platform-server.mjs",
      "file": "@angular_platform-server.js",
      "fileHash": "f91b1fb0",
      "needsInterop": false
    },
    "@angular/router": {
      "src": "../../../../../../node_modules/@angular/router/fesm2022/router.mjs",
      "file": "@angular_router.js",
      "fileHash": "19d70b7a",
      "needsInterop": false
    },
    "@angular/ssr": {
      "src": "../../../../../../node_modules/@angular/ssr/fesm2022/ssr.mjs",
      "file": "@angular_ssr.js",
      "fileHash": "52ed748d",
      "needsInterop": false
    },
    "@angular/ssr/node": {
      "src": "../../../../../../node_modules/@angular/ssr/fesm2022/node.mjs",
      "file": "@angular_ssr_node.js",
      "fileHash": "7885c9b8",
      "needsInterop": false
    },
    "express": {
      "src": "../../../../../../node_modules/express/index.js",
      "file": "express.js",
      "fileHash": "d65fd452",
      "needsInterop": true
    },
    "ngx-pagination": {
      "src": "../../../../../../node_modules/ngx-pagination/fesm2015/ngx-pagination.mjs",
      "file": "ngx-pagination.js",
      "fileHash": "89ebbdda",
      "needsInterop": false
    }
  },
  "chunks": {
    "xhr2-UMY7BS5A": {
      "file": "xhr2-UMY7BS5A.js"
    },
    "chunk-4FABGW5Z": {
      "file": "chunk-4FABGW5Z.js"
    },
    "chunk-GX6T2E2I": {
      "file": "chunk-GX6T2E2I.js"
    },
    "chunk-5JEATEA3": {
      "file": "chunk-5JEATEA3.js"
    },
    "chunk-ENUTBKGW": {
      "file": "chunk-ENUTBKGW.js"
    },
    "chunk-7LIQLZGQ": {
      "file": "chunk-7LIQLZGQ.js"
    },
    "chunk-YHAFAFV6": {
      "file": "chunk-YHAFAFV6.js"
    },
    "chunk-EOACGF5D": {
      "file": "chunk-EOACGF5D.js"
    },
    "chunk-YHCV7DAQ": {
      "file": "chunk-YHCV7DAQ.js"
    }
  }
}